id,ts,ip
212,"[21/Oct/2014:06:04:54 +0900]",10.213.25.66
123,"[21/Oct/2014:00:08:36 +0900]",10.111.77.247
75,"[20/Oct/2014:16:10:14 +0900]",10.180.228.169
249,"[21/Oct/2014:12:20:52 +0900]",3.4.3.1
97,"[20/Oct/2014:16:21:27 +0900]",10.92.177.238
192,"[21/Oct/2014:06:04:46 +0900]",2.11.1.2
74,"[20/Oct/2014:16:08:27 +0900]",10.139.134.99
175,"[21/Oct/2014:06:04:39 +0900]",10.213.25.66
0,"[19/Oct/2014:04:23:35 +0900]",10.185.139.213
29,"[19/Oct/2014:22:25:08 +0900]",3.6.14.1337016
207,"[21/Oct/2014:06:04:52 +0900]",10.213.25.66
161,"[21/Oct/2014:06:04:33 +0900]",10.213.25.66
277,"[21/Oct/2014:18:17:01 +0900]",10.167.32.217
194,"[21/Oct/2014:06:04:47 +0900]",10.213.25.66
121,"[20/Oct/2014:23:23:13 +0900]",10.111.77.247
